,address,pop,hh,lon,lat
0,東京都千代田区丸の内,,,139.7651810320569,35.6804388
1,東京都千代田区大手町,,,139.7664613,35.6846087
2,東京都千代田区内幸町,,,139.7553799,35.6694556
3,東京都千代田区有楽町,18.0,15.0,139.7621359,35.6759691
4,東京都千代田区霞が関,12.0,12.0,139.7451239,35.672078
5,東京都千代田区永田町,574.0,347.0,139.746306,35.675895
6,東京都千代田区隼町,425.0,333.0,139.743401,35.681312
7,東京都千代田区平河町,1948.0,1082.0,139.7400969484699,35.6809686
8,東京都千代田区麹町,2634.0,1355.0,139.7388971274301,35.684296700000004
9,東京都千代田区紀尾井町,514.0,301.0,139.73495,35.681411
10,東京都千代田区一番町,3965.0,1697.0,139.741509,35.68735
11,東京都千代田区皇居外苑,,,139.758466,35.679944
12,東京都千代田区日比谷公園,,,139.756191,35.673889
13,東京都千代田区千代田,97.0,94.0,139.752738,35.685403
14,東京都千代田区北の丸公園,719.0,384.0,139.751639,35.691555
15,東京都千代田区九段南,2946.0,1487.0,139.745694,35.693143
16,東京都千代田区九段北,2166.0,1220.0,139.750657,35.696656
17,東京都千代田区富士見,4456.0,2158.0,,
18,東京都千代田区飯田橋,2755.0,1481.0,139.7436346,35.7015405
19,東京都千代田区一ツ橋,55.0,40.0,139.757346,35.693171
20,東京都千代田区神田神保町,3253.0,2075.0,139.759073,35.696491
21,東京都千代田区三崎町,938.0,546.0,139.7540425643653,35.700767
22,東京都千代田区西神田,1239.0,697.0,139.75441357849172,35.69844475
23,東京都千代田区猿楽町,1166.0,679.0,139.75950750046312,35.69891595
24,東京都千代田区神田駿河台,1003.0,721.0,139.76414896090841,35.69869095
25,東京都千代田区神田錦町,1184.0,822.0,139.76187525740028,35.69178665
26,東京都千代田区神田小川町,1152.0,710.0,139.76347494767202,35.6953982
27,東京都千代田区神田美土代町,144.0,98.0,139.7656475,35.6932147
28,東京都千代田区内神田,1612.0,994.0,139.76747934509802,35.69090535
29,東京都千代田区神田司町,503.0,318.0,139.767523,35.693464
30,東京都千代田区神田多町,976.0,704.0,139.769189,35.693856
31,東京都千代田区神田淡路町,1247.0,657.0,139.76762701843205,35.697178050000005
32,東京都千代田区神田須田町,1726.0,1142.0,139.77136518617576,35.69618955
33,東京都千代田区外神田,4006.0,2370.0,139.77084941764966,35.699969499999995
34,東京都千代田区鍛冶町,287.0,179.0,139.77196578753316,35.691906900000006
35,東京都千代田区神田鍛冶町,103.0,56.0,139.77069907751283,35.69375625
36,東京都千代田区神田紺屋町,173.0,111.0,139.7741043,35.6920036
37,東京都千代田区神田北乗物町,58.0,34.0,139.773897,35.692455
38,東京都千代田区神田富山町,144.0,95.0,139.7734213,35.6936145
39,東京都千代田区神田美倉町,65.0,61.0,139.774406,35.6909796
40,東京都千代田区岩本町,3763.0,2508.0,139.7753176,35.695614
41,東京都千代田区神田西福田町,83.0,74.0,139.774244,35.691334
42,東京都千代田区神田東松下町,1093.0,512.0,139.7736525,35.6944834
43,東京都千代田区神田東紺屋町,61.0,51.0,139.7746461,35.6929901
44,東京都千代田区神田岩本町,47.0,29.0,139.7749901,35.6957381
45,東京都千代田区東神田,3650.0,2320.0,139.78003467826707,35.6953479
46,東京都千代田区神田和泉町,726.0,392.0,139.777907,35.699704
47,東京都千代田区神田佐久間町,1632.0,982.0,139.77808328164213,35.6979039
48,東京都千代田区神田平河町,10.0,5.0,139.775653,35.698036
49,東京都千代田区神田松永町,59.0,28.0,139.775293,35.70031
50,東京都千代田区神田花岡町,,,139.773971,35.698802
51,東京都千代田区神田佐久間河岸,91.0,72.0,139.777798,35.697048
52,東京都千代田区神田練塀町,373.0,203.0,139.774037,35.70071
53,東京都千代田区神田相生町,,,139.773602,35.699524
54,東京都千代田区二番町,1701.0,770.0,139.736126,35.686185
55,東京都千代田区三番町,3645.0,1710.0,139.743591,35.690557
56,東京都千代田区四番町,2674.0,1188.0,139.737847,35.689056
57,東京都千代田区五番町,1108.0,422.0,139.733989,35.689685
58,東京都千代田区六番町,1701.0,670.0,139.733399,35.687493
59,東京都中央区八重洲,38.0,30.0,139.7787959668919,35.682602349999996
60,東京都中央区京橋,210.0,152.0,139.7700412,35.676696
61,東京都中央区銀座,3358.0,2334.0,139.7652995,35.6714622
62,東京都中央区新富,2227.0,1422.0,139.78753167968577,35.682013049999995
63,東京都中央区入船,2487.0,1630.0,139.777667,35.673306
64,東京都中央区湊,7043.0,3850.0,139.779681,35.669843
65,東京都中央区明石町,3543.0,1952.0,139.777695,35.667003
66,東京都中央区築地,8599.0,5355.0,139.7725918,35.6680848
67,東京都中央区浜離宮庭園,,,139.7636247,35.6595485
68,東京都中央区八丁堀,3571.0,2206.0,139.7770726,35.6750004
69,東京都中央区新川,9375.0,5495.0,139.7797926,35.6759674
70,東京都中央区日本橋本石町,101.0,55.0,,
71,東京都中央区日本橋室町,299.0,179.0,,
72,東京都中央区日本橋本町,1301.0,915.0,139.7766646,35.6863618
73,東京都中央区日本橋小舟町,1023.0,594.0,139.778267,35.686858
74,東京都中央区日本橋小伝馬町,1050.0,601.0,139.778699,35.691464
75,東京都中央区日本橋大伝馬町,1759.0,1027.0,139.779661,35.690253
76,東京都中央区日本橋堀留町,2913.0,1860.0,139.7805641,35.6883031
77,東京都中央区日本橋富沢町,1570.0,921.0,139.782661,35.688951
78,東京都中央区日本橋人形町,4995.0,2819.0,139.7821879,35.6862799
79,東京都中央区日本橋小網町,1325.0,850.0,139.780719,35.682679
80,東京都中央区日本橋蛎殻町,5155.0,3110.0,139.7817062,35.682509
81,東京都中央区日本橋箱崎町,3758.0,2149.0,139.786005,35.679924
82,東京都中央区日本橋馬喰町,2173.0,1423.0,,
83,東京都中央区日本橋横山町,1078.0,588.0,139.783587,35.693024
84,東京都中央区東日本橋,5908.0,3452.0,139.7848848,35.6921239
85,東京都中央区日本橋久松町,663.0,367.0,139.784211,35.689545
86,東京都中央区日本橋浜町,11778.0,6498.0,139.7821879,35.6862799
87,東京都中央区日本橋中洲,2547.0,1404.0,139.791163,35.683661
88,東京都中央区日本橋,308.0,200.0,139.77450291683806,35.68406775
89,東京都中央区日本橋茅場町,1292.0,842.0,139.7794236,35.6802291
90,東京都中央区日本橋兜町,727.0,548.0,139.777678,35.681076
91,東京都中央区佃,14912.0,7226.0,139.7625088,35.6643418
92,東京都中央区月島,16119.0,8865.0,139.7844793,35.6641695
93,東京都中央区勝どき,27081.0,13304.0,139.7771747,35.6589623
94,東京都中央区豊海町,1428.0,757.0,139.7693873,35.6533124
95,東京都中央区晴海,17465.0,7553.0,139.7825753,35.6546181
96,東京都中央区水面調査区,,,,
97,東京都港区芝,14831.0,9524.0,139.7307328574281,35.637575549999994
98,東京都港区海岸,7301.0,4742.0,,
99,東京都港区東新橋,2383.0,1505.0,139.7583239,35.6661776
100,東京都港区新橋,2776.0,2058.0,139.7583239,35.6661776
101,東京都港区西新橋,1621.0,1184.0,139.7554597,35.6694261
102,東京都港区三田,19546.0,10603.0,139.7476353,35.6471142
103,東京都港区浜松町,2620.0,1671.0,139.7570622,35.6551111
104,東京都港区芝大門,1296.0,863.0,139.752666,35.6569975
105,東京都港区芝公園,1567.0,1106.0,139.7500284364785,35.6602775
106,東京都港区虎ノ門,3794.0,2577.0,139.750056,35.6701871
107,東京都港区愛宕,646.0,389.0,139.74869373500002,35.6649676
108,東京都港区麻布狸穴町,700.0,352.0,139.7394689,35.6588636
109,東京都港区麻布永坂町,242.0,113.0,139.7378931,35.6586313
110,東京都港区南麻布,17250.0,9418.0,,
111,東京都港区元麻布,5163.0,2406.0,,
112,東京都港区西麻布,10745.0,5913.0,139.7233681,35.6598537
113,東京都港区六本木,14007.0,8638.0,139.7334981,35.6624568
114,東京都港区麻布台,1757.0,1052.0,139.7412077,35.6596917
115,東京都港区麻布十番,5819.0,3838.0,139.7361613,35.6565014
116,東京都港区東麻布,5932.0,4111.0,139.7339705,35.6564018
117,東京都港区元赤坂,645.0,375.0,139.72922747406412,35.6803254
118,東京都港区赤坂,18659.0,11024.0,139.7356224,35.6716786
119,東京都港区南青山,13902.0,7160.0,139.7139823,35.6660558
120,東京都港区北青山,2385.0,1257.0,,
121,東京都港区高輪,22403.0,12140.0,139.7379583,35.6341205
122,東京都港区白金,17468.0,9658.0,139.734168,35.6429531
123,東京都港区白金台,11274.0,5806.0,139.7265652,35.6381027
124,東京都港区芝浦,26113.0,13432.0,139.7545699,35.6414479
125,東京都港区港南,22052.0,10723.0,139.7245499238832,35.66344115
126,東京都港区台場,5584.0,2517.0,139.7714216,35.6259018
127,東京都港区‐,5.0,5.0,139.7400553,35.6432274
128,東京都新宿区四谷,4304.0,2906.0,139.7293557,35.6861473
129,東京都新宿区四谷,46.0,33.0,139.7293557,35.6861473
130,東京都新宿区四谷,426.0,237.0,139.7293557,35.6861473
131,東京都新宿区四谷本塩町,546.0,364.0,139.7301896,35.689043
132,東京都新宿区四谷三栄町,2026.0,1150.0,139.7259504,35.6887162
133,東京都新宿区四谷坂町,2505.0,1653.0,139.727439,35.6906289
134,東京都新宿区若葉,4397.0,2558.0,,
135,東京都新宿区須賀町,1400.0,838.0,139.7222261,35.6852197
136,東京都新宿区左門町,1718.0,1150.0,139.7206986,35.6859124
137,東京都新宿区信濃町,945.0,615.0,139.7204947,35.6800236
138,東京都新宿区南元町,2514.0,1353.0,139.7240889,35.6807273
139,東京都新宿区荒木町,2623.0,1783.0,139.7232722,35.6904492
140,東京都新宿区舟町,1388.0,973.0,139.7213919,35.6900255
141,東京都新宿区愛住町,1443.0,947.0,139.7194058,35.6899754
142,東京都新宿区大京町,4257.0,2648.0,139.7171366,35.6838591
143,東京都新宿区霞ヶ丘町,,,139.7164392,35.6771672
144,東京都新宿区内藤町,1201.0,664.0,139.7117937,35.6856663
145,東京都新宿区片町,418.0,322.0,139.7247434,35.6923019
146,東京都新宿区新宿,19346.0,13970.0,139.7007543,35.68907
147,東京都新宿区歌舞伎町,2083.0,1767.0,139.7027105,35.6945429
148,東京都新宿区市谷田町,1003.0,584.0,139.7255744,35.6994561
149,東京都新宿区市谷本村町,2852.0,1277.0,139.7299737,35.6925023
150,東京都新宿区市谷砂土原町,1739.0,902.0,139.734585,35.698958
151,東京都新宿区市谷左内町,426.0,227.0,139.7337636,35.6941731
152,東京都新宿区市谷加賀町,1897.0,890.0,139.7255744,35.6994561
153,東京都新宿区市谷甲良町,864.0,489.0,139.7285682,35.6989326
154,東京都新宿区市谷船河原町,237.0,93.0,139.7406355,35.6979775
155,東京都新宿区市谷長延寺町,125.0,89.0,139.7351798,35.6942973
156,東京都新宿区市谷鷹匠町,32.0,20.0,139.7339085,35.6959158
157,東京都新宿区市谷山伏町,578.0,327.0,139.728469,35.7001067
158,東京都新宿区市谷八幡町,113.0,57.0,139.7349894,35.6921712
159,東京都新宿区神楽坂,2409.0,1577.0,139.7341347,35.7039298
160,東京都新宿区細工町,454.0,280.0,139.7331615,35.6990644
161,東京都新宿区二十騎町,685.0,412.0,139.7308065,35.6982923
162,東京都新宿区揚場町,113.0,64.0,139.7430736,35.7020137
163,東京都新宿区津久戸町,103.0,70.0,139.7413623,35.703302
164,東京都新宿区東五軒町,2436.0,1321.0,139.7394767,35.7065865
165,東京都新宿区西五軒町,1936.0,1146.0,139.7379734,35.706935
166,東京都新宿区赤城元町,407.0,245.0,139.7367194,35.7046001
167,東京都新宿区南榎町,1469.0,778.0,139.7291663,35.7020463
168,東京都新宿区袋町,692.0,404.0,139.7382469,35.7005118
169,東京都新宿区払方町,1075.0,562.0,139.7349948,35.6972968
170,東京都新宿区南町,856.0,401.0,139.7366517,35.6986892
171,東京都新宿区北町,1095.0,588.0,139.7351047,35.6998889
172,東京都新宿区納戸町,989.0,537.0,139.7333157,35.6974634
173,東京都新宿区南山伏町,721.0,443.0,139.7314784,35.6992093
174,東京都新宿区北山伏町,651.0,389.0,139.7303921,35.7000522
175,東京都新宿区白銀町,1373.0,759.0,139.7383288,35.7038596
176,東京都新宿区下宮比町,275.0,220.0,139.7438849,35.7032672
177,東京都新宿区矢来町,4891.0,2752.0,139.7325017,35.7025756
178,東京都新宿区若宮町,1032.0,616.0,139.7395197,35.6995251
179,東京都新宿区岩戸町,653.0,451.0,139.7377869,35.7014267
180,東京都新宿区中町,530.0,291.0,139.7360435,35.6992877
181,東京都新宿区箪笥町,649.0,460.0,139.7349478,35.7005587
182,東京都新宿区横寺町,1046.0,718.0,139.7353911,35.7019549
183,東京都新宿区筑土八幡町,861.0,535.0,139.740563,35.7042691
184,東京都新宿区新小川町,3607.0,2302.0,139.7424138,35.7062925
185,東京都新宿区神楽河岸,,,139.7436583,35.7008582
186,東京都新宿区市谷薬王寺町,3445.0,2188.0,139.7255105,35.6968056
187,東京都新宿区市谷柳町,1339.0,905.0,139.7266585,35.6992681
188,東京都新宿区市谷仲之町,2634.0,1390.0,139.7232722,35.6947438
189,東京都新宿区赤城下町,1203.0,785.0,139.7341284,35.7056685
190,東京都新宿区天神町,1085.0,710.0,139.730891,35.7054017
191,東京都新宿区榎町,720.0,536.0,139.7277917,35.7051338
192,東京都新宿区東榎町,355.0,270.0,139.7296277,35.705075
193,東京都新宿区早稲田町,1418.0,1033.0,139.7227156,35.7060202
194,東京都新宿区早稲田南町,797.0,479.0,139.7237053,35.7043627
195,東京都新宿区馬場下町,489.0,330.0,139.7200669,35.7062337
196,東京都新宿区原町,5202.0,3023.0,139.7204947,35.6800236
197,東京都新宿区喜久井町,2079.0,1255.0,139.722316,35.7037082
198,東京都新宿区築地町,535.0,320.0,139.7360355,35.7059266
199,東京都新宿区弁天町,3424.0,2068.0,139.7268033,35.7031495
200,東京都新宿区中里町,713.0,374.0,139.7319759,35.7059298
201,東京都新宿区山吹町,4119.0,2879.0,139.7299978,35.7078786
202,東京都新宿区改代町,654.0,427.0,139.7347279,35.7072388
203,東京都新宿区水道町,1115.0,784.0,139.7363064,35.708098
204,東京都新宿区早稲田鶴巻町,5679.0,3907.0,139.7249955,35.7080153
205,東京都新宿区住吉町,2954.0,2005.0,139.7217393,35.6930186
206,東京都新宿区市谷台町,1497.0,994.0,139.7188626,35.6936558
207,東京都新宿区河田町,3125.0,1716.0,139.7196954,35.6967217
208,東京都新宿区若松町,6063.0,3649.0,139.7176301,35.7001758
209,東京都新宿区余丁町,4116.0,2531.0,139.7160422,35.6962861
210,東京都新宿区戸山,8986.0,5547.0,139.71972128895072,35.709179750000004
211,東京都新宿区富久町,7407.0,4336.0,139.715184,35.693561
212,東京都新宿区百人町,15471.0,9730.0,139.7424265,35.7009467
213,東京都新宿区大久保,15997.0,10492.0,139.6973178,35.7007776
214,東京都新宿区戸塚町,226.0,175.0,139.7255744,35.6994561
215,東京都新宿区西早稲田,18771.0,12126.0,139.7090404,35.7079347
216,東京都新宿区高田馬場,18266.0,12306.0,139.7036425,35.7126839
217,東京都新宿区下落合,15625.0,9564.0,139.6954383,35.7157663
218,東京都新宿区中落合,16174.0,9508.0,139.6886206,35.7185656
219,東京都新宿区上落合,15476.0,10191.0,139.6836606,35.7114276
220,東京都新宿区西落合,14257.0,8507.0,,
221,東京都新宿区中井,4959.0,3023.0,139.6863482,35.714067
222,東京都新宿区北新宿,25299.0,16960.0,,
223,東京都新宿区西新宿,23251.0,16570.0,139.6927654,35.6944269
224,東京都文京区後楽,2279.0,1283.0,139.7520539351828,35.70425985
225,東京都文京区春日,6160.0,3306.0,139.7527409,35.7084896
226,東京都文京区小石川,24545.0,12871.0,139.74415654934768,35.72022455
227,東京都文京区白山,19979.0,11279.0,139.7521578,35.7215048
228,東京都文京区千石,20074.0,10534.0,139.7449946,35.7277122
229,東京都文京区水道,6969.0,4172.0,139.7552679,35.7035315
230,東京都文京区小日向,8847.0,4295.0,,
231,東京都文京区大塚,20268.0,11453.0,139.7193857,35.7256214
232,東京都文京区関口,7810.0,4431.0,139.7257626,35.7123406
233,東京都文京区目白台,7898.0,4253.0,139.74095373349314,35.713276300000004
234,東京都文京区音羽,6592.0,3941.0,139.7369249,35.7186762
235,東京都文京区本郷,24157.0,14452.0,139.7598575,35.7109538
236,東京都文京区湯島,11701.0,7641.0,139.7700104,35.7073329
237,東京都文京区西片,5843.0,3084.0,139.754941,35.7131191
238,東京都文京区向丘,7654.0,4297.0,139.7528979,35.7055787
239,東京都文京区弥生,2157.0,1220.0,139.7609049,35.7179243
240,東京都文京区根津,7042.0,4124.0,139.7657175,35.7173914
241,東京都文京区千駄木,21641.0,11951.0,139.7632458,35.7255677
242,東京都文京区本駒込,28453.0,15074.0,139.7537008,35.7247631
243,東京都台東区台東,9148.0,5625.0,139.7121603,35.6092582
244,東京都台東区秋葉原,88.0,79.0,139.7743684,35.7018928
245,東京都台東区東上野,9432.0,5675.0,139.7793156,35.7136525
246,東京都台東区上野,3911.0,2506.0,139.7775694,35.7118212
247,東京都台東区池之端,6144.0,3388.0,139.76870656704224,35.7124573
248,東京都台東区上野公園,287.0,110.0,139.77392914567042,35.714019050000005
249,東京都台東区北上野,4522.0,2809.0,139.7814679,35.7170549
250,東京都台東区下谷,7538.0,4338.0,,
251,東京都台東区入谷,6430.0,3816.0,139.7845821,35.720709
252,東京都台東区根岸,13777.0,7862.0,,
253,東京都台東区竜泉,8995.0,5057.0,139.7910576,35.7247479
254,東京都台東区三ノ輪,3297.0,2060.0,139.7913004,35.7295502
255,東京都台東区上野桜木,2593.0,1344.0,139.7708546,35.7211034
256,東京都台東区谷中,8677.0,4781.0,139.7660417,35.721218
257,東京都台東区柳橋,3609.0,2289.0,,
258,東京都台東区浅草橋,7958.0,4945.0,139.7863101,35.6973915
259,東京都台東区鳥越,3258.0,1914.0,139.7829841707276,35.707934800000004
260,東京都台東区蔵前,7720.0,4598.0,139.790939,35.7032122
261,東京都台東区小島,3625.0,2190.0,139.7895232,35.7117233
262,東京都台東区三筋,4668.0,2751.0,139.7983683,35.7119514
263,東京都台東区寿,6683.0,3750.0,139.797293,35.710075
264,東京都台東区駒形,2424.0,1546.0,139.797293,35.710075
265,東京都台東区元浅草,7234.0,4146.0,139.7923733,35.7135947
266,東京都台東区松が谷,8867.0,5098.0,,
267,東京都台東区西浅草,8180.0,4703.0,139.7965668,35.708959
268,東京都台東区雷門,2895.0,1729.0,139.79636829999998,35.7111333
269,東京都台東区花川戸,2362.0,1358.0,139.8008645,35.7139195
270,東京都台東区浅草,18811.0,10880.0,139.7975626,35.7175966
271,東京都台東区千束,11609.0,7102.0,139.7898929,35.7221745
272,東京都台東区東浅草,3507.0,1930.0,139.801484,35.7225845
273,東京都台東区日本堤,6520.0,4451.0,139.7956745,35.726286
274,東京都台東区今戸,4541.0,2570.0,139.8017684,35.720457
275,東京都台東区清川,6078.0,3984.0,139.8033879,35.7287437
276,東京都台東区橋場,6056.0,2961.0,139.80212862487826,35.7206176
277,東京都墨田区両国,7608.0,4679.0,139.7929596,35.6957996
278,東京都墨田区千歳,5270.0,3010.0,139.79121,35.690902
279,東京都墨田区緑,14352.0,8233.0,,
280,東京都墨田区立川,6132.0,3824.0,139.8058885,35.6915291
281,東京都墨田区菊川,8069.0,4724.0,139.806123,35.6884156
282,東京都墨田区江東橋,9970.0,6150.0,139.80885700712554,35.69519915
283,東京都墨田区横網,1625.0,783.0,139.79600852623358,35.70297265
284,東京都墨田区亀沢,8861.0,4649.0,139.806907,35.697742
285,東京都墨田区石原,11119.0,6364.0,139.79607759000396,35.6964453
286,東京都墨田区本所,8932.0,4935.0,139.8043487,35.7085609
287,東京都墨田区東駒形,6794.0,3941.0,139.7961862,35.704616
288,東京都墨田区吾妻橋,5202.0,3035.0,139.79893105000002,35.71010705
289,東京都墨田区錦糸,5156.0,3203.0,,
290,東京都墨田区太平,11105.0,6199.0,139.816912,35.701441
291,東京都墨田区横川,8515.0,4597.0,139.8194372761355,35.6966366
292,東京都墨田区業平,10055.0,5502.0,139.8091837,35.7104065
293,東京都墨田区向島,16570.0,9173.0,139.8100296,35.7228646
294,東京都墨田区東向島,23984.0,12542.0,139.8193077,35.7243341
295,東京都墨田区堤通,6623.0,3089.0,139.8117393,35.7313098
296,東京都墨田区墨田,17649.0,8609.0,139.81071409992649,35.71005425
297,東京都墨田区押上,10118.0,5354.0,139.8126739,35.709125
298,東京都墨田区京島,12684.0,6297.0,139.8231547,35.7173905
299,東京都墨田区文花,10598.0,5158.0,139.826197,35.711681
300,東京都墨田区八広,21816.0,10635.0,139.8282344,35.727185
301,東京都墨田区立花,20962.0,10114.0,139.8284266,35.7095263
302,東京都墨田区東墨田,2316.0,969.0,139.81071409992649,35.71005425
303,東京都江東区清澄,3921.0,2057.0,139.7987644,35.6820504
304,東京都江東区常盤,2074.0,1288.0,139.797281,35.684826
305,東京都江東区新大橋,5897.0,3507.0,139.7930059,35.6878105
306,東京都江東区森下,10656.0,6493.0,139.7970443,35.6879977
307,東京都江東区平野,7269.0,3544.0,,
308,東京都江東区三好,5150.0,2706.0,139.808486,35.68033
309,東京都江東区白河,11541.0,5654.0,139.806393,35.6829088
310,東京都江東区高橋,1607.0,1017.0,139.799545,35.684902
311,東京都江東区佐賀,2702.0,1680.0,139.7987644,35.6820504
312,東京都江東区永代,3872.0,2579.0,139.789097,35.674691
313,東京都江東区福住,2520.0,1535.0,139.7978449,35.6735097
314,東京都江東区深川,4133.0,2606.0,139.8005482,35.6810519
315,東京都江東区冬木,3055.0,1643.0,139.801416,35.674788
316,東京都江東区門前仲町,2244.0,1492.0,139.7950012,35.6726188
317,東京都江東区富岡,3982.0,2663.0,139.79975382276905,35.67161595
318,東京都江東区牡丹,3541.0,2111.0,139.7917354,35.667869
319,東京都江東区古石場,5255.0,2497.0,,
320,東京都江東区越中島,7427.0,3421.0,139.7926242,35.6678847
321,東京都江東区塩浜,19560.0,8287.0,139.8065504,35.6613093
322,東京都江東区枝川,9741.0,4636.0,139.8014811,35.6580537
323,東京都江東区豊洲,37324.0,15502.0,139.796174,35.6549298
324,東京都江東区東雲,24275.0,10710.0,139.8036235,35.64073
325,東京都江東区有明,11379.0,4987.0,139.7932562,35.6345562
326,東京都江東区辰巳,10616.0,5252.0,139.8107392,35.6454772
327,東京都江東区潮見,6097.0,2917.0,139.8171928,35.658929
328,東京都江東区青海,831.0,689.0,139.7813002,35.6247543
329,東京都江東区千石,7090.0,3377.0,139.7970623,35.6804857
330,東京都江東区石島,1441.0,757.0,139.812106,35.681133
331,東京都江東区千田,1878.0,1027.0,139.815615,35.681155
332,東京都江東区海辺,1805.0,943.0,139.818882,35.681075
333,東京都江東区扇橋,9574.0,4726.0,139.8098747,35.6827269
334,東京都江東区猿江,6415.0,3344.0,139.81952910243876,35.68825215
335,東京都江東区住吉,5174.0,2925.0,139.8156854,35.6889959
336,東京都江東区毛利,3575.0,2255.0,,
337,東京都江東区木場,11195.0,6101.0,139.8065455,35.669416
338,東京都江東区東陽,25557.0,13864.0,139.79302291898995,35.6665943
339,東京都江東区亀戸,60963.0,33156.0,139.8267172,35.6973248
340,東京都江東区大島,62708.0,32791.0,139.835076,35.6897695
341,東京都江東区北砂,38042.0,18815.0,139.8283258,35.6620886
342,東京都江東区東砂,36210.0,16532.0,139.8318642,35.6683446
343,東京都江東区南砂,39825.0,19752.0,139.8318642,35.6683446
344,東京都江東区新砂,6159.0,2416.0,139.8318642,35.6683446
345,東京都江東区新木場,30.0,24.0,139.8266597,35.6459052
346,東京都江東区夢の島,,,139.8255698,35.6468678
347,東京都江東区若洲,,,139.8374098871763,35.623603349999996
348,東京都品川区荏原,22097.0,12504.0,139.7155352,35.6187045
349,東京都品川区大井,29258.0,16072.0,139.7575876,35.6129742
350,東京都品川区大崎,15145.0,8241.0,139.7285191,35.619399
351,東京都品川区勝島,5904.0,2427.0,139.7426893,35.5987691
352,東京都品川区上大崎,14072.0,8212.0,139.7195081,35.6346842
353,東京都品川区北品川,20987.0,11615.0,139.7392733,35.6220705
354,東京都品川区小山,21086.0,11998.0,139.713046,35.6253418
355,東京都品川区小山台,5708.0,3157.0,139.7033846,35.6051865
356,東京都品川区戸越,17743.0,10477.0,139.7163642,35.614502
357,東京都品川区中延,16802.0,9604.0,139.7128829,35.6059262
358,東京都品川区西大井,19971.0,10259.0,139.7216714,35.6018658
359,東京都品川区西五反田,27850.0,17246.0,139.7236813,35.6261984
360,東京都品川区西品川,11690.0,6526.0,139.7121603,35.6092582
361,東京都品川区西中延,7849.0,4327.0,139.7128829,35.6059262
362,東京都品川区旗の台,16565.0,9602.0,139.7033846,35.6051865
363,東京都品川区東大井,24282.0,13642.0,139.7575876,35.6129742
364,東京都品川区東五反田,16712.0,9688.0,139.7241399,35.6251373
365,東京都品川区東品川,26618.0,13392.0,139.7459823,35.6112414
366,東京都品川区東中延,4066.0,2410.0,139.7128829,35.6059262
367,東京都品川区平塚,9957.0,6057.0,139.7121603,35.6092582
368,東京都品川区広町,57.0,41.0,139.734319,35.6076529
369,東京都品川区二葉,12201.0,6999.0,,
370,東京都品川区南大井,28924.0,17764.0,,
371,東京都品川区南品川,20387.0,11918.0,139.7391291,35.6286974
372,東京都品川区八潮,11820.0,5327.0,139.7636141697978,35.60052465
373,東京都品川区豊町,14737.0,8136.0,139.7121603,35.6092582
374,東京都品川区東八潮,,,139.7700345,35.6226765
375,東京都目黒区駒場,7007.0,3954.0,139.6823652,35.655695
376,東京都目黒区青葉台,8564.0,5009.0,139.6886085,35.6530917
377,東京都目黒区東山,14094.0,6677.0,139.6827406514703,35.605038050000005
378,東京都目黒区大橋,7383.0,4089.0,139.68577533811194,35.65128285
379,東京都目黒区上目黒,19649.0,11243.0,139.6988317,35.6441395
380,東京都目黒区中目黒,15432.0,8587.0,139.6988317,35.6441395
381,東京都目黒区三田,6327.0,3599.0,139.66356749851082,35.62560445
382,東京都目黒区目黒,13832.0,7348.0,139.6827406514703,35.605038050000005
383,東京都目黒区下目黒,22564.0,12287.0,139.7058982,35.6300236
384,東京都目黒区中町,10180.0,5467.0,139.6858343,35.60742
385,東京都目黒区五本木,10141.0,5895.0,139.6867456,35.6322843
386,東京都目黒区祐天寺,4606.0,2879.0,139.6910072,35.6375747
387,東京都目黒区中央町,8342.0,4834.0,139.69188899997766,35.62875065
388,東京都目黒区目黒本町,24913.0,13422.0,139.69188899997766,35.62875065
389,東京都目黒区原町,5623.0,3152.0,139.70346527846007,35.62101695
390,東京都目黒区洗足,5749.0,3075.0,139.6941664,35.6101514
391,東京都目黒区南,7657.0,3892.0,139.6858343,35.60742
392,東京都目黒区碑文谷,17703.0,8899.0,139.6846608,35.6229441
393,東京都目黒区鷹番,9141.0,5666.0,139.6897348,35.6259042
394,東京都目黒区平町,7321.0,3943.0,139.6820238,35.6181817
395,東京都目黒区大岡山,6759.0,3479.0,139.6857012,35.6074155
396,東京都目黒区緑が丘,7471.0,3984.0,139.6790149,35.6065599
397,東京都目黒区自由が丘,7702.0,4154.0,139.6688278,35.6075379
398,東京都目黒区中根,7352.0,4208.0,139.6697308,35.6149371
399,東京都目黒区柿の木坂,9686.0,4835.0,,
400,東京都目黒区八雲,15217.0,7358.0,139.6671525,35.6204858
401,東京都目黒区東が丘,7673.0,3780.0,139.66356749851082,35.62560445
402,東京都大田区大森中,11194.0,6670.0,,
403,東京都大田区大森東,18773.0,10337.0,139.7353179,35.5776473
404,東京都大田区大森南,13585.0,6488.0,139.7388411,35.563535
405,東京都大田区大森本町,8584.0,4717.0,139.7320685,35.5725032
406,東京都大田区大森西,35871.0,19947.0,139.72316630031514,35.5732055
407,東京都大田区山王,20445.0,10705.0,139.7253925,35.5923516
408,東京都大田区大森北,27406.0,16721.0,139.7364047,35.5845918
409,東京都大田区平和の森公園,,,139.73975174749245,35.58026655
410,東京都大田区平和島,302.0,273.0,139.7349686,35.5787037
411,東京都大田区昭和島,,,139.75026476169197,35.572113349999995
412,東京都大田区北馬込,7952.0,4576.0,139.7126619,35.6007173
413,東京都大田区東馬込,6553.0,3602.0,139.7119274,35.5967788
414,東京都大田区中馬込,13025.0,7056.0,139.7119274,35.5967788
415,東京都大田区西馬込,6948.0,3952.0,139.7063115,35.5872987
416,東京都大田区南馬込,25879.0,13126.0,139.7119274,35.5967788
417,東京都大田区中央,26871.0,13202.0,139.75028465723602,35.5909953
418,東京都大田区池上,31477.0,17068.0,139.703049,35.5720205
419,東京都大田区田園調布本町,8444.0,4385.0,139.676426,35.5859956
420,東京都大田区田園調布南,3803.0,1912.0,139.6744359,35.5801473
421,東京都大田区東嶺町,5084.0,2566.0,139.6843922,35.5826603
422,東京都大田区西嶺町,3204.0,1591.0,139.6799076,35.5813384
423,東京都大田区北嶺町,5796.0,3185.0,139.6825629,35.5863707
424,東京都大田区南雪谷,12523.0,6358.0,,
425,東京都大田区田園調布,18606.0,8866.0,139.6673676,35.5968896
426,東京都大田区雪谷大塚町,2590.0,1282.0,139.678368,35.5922109
427,東京都大田区鵜の木,14373.0,7814.0,139.6805741,35.5754603
428,東京都大田区南久が原,6323.0,3222.0,139.6856542,35.5795927
429,東京都大田区千鳥,10348.0,5682.0,139.6915805,35.5729144
430,東京都大田区仲池上,9779.0,4738.0,139.7051955,35.5789017
431,東京都大田区久が原,24386.0,10785.0,139.6856542,35.5795927
432,東京都大田区南千束,7856.0,3893.0,139.6974525,35.6036594
433,東京都大田区石川町,5670.0,2705.0,139.6580224,35.4864239
434,東京都大田区東雪谷,18490.0,9227.0,,
435,東京都大田区上池台,23932.0,12049.0,139.6854947,35.5971322
436,東京都大田区北千束,13572.0,7827.0,139.6929306,35.6064235
437,東京都大田区北糀谷,4906.0,2549.0,139.7367552,35.5643764
438,東京都大田区西糀谷,21227.0,11703.0,139.7369581,35.5547043
439,東京都大田区東糀谷,12417.0,6823.0,139.740504,35.5592201
440,東京都大田区萩中,12110.0,6587.0,139.7317797,35.5511001
441,東京都大田区本羽田,12089.0,5665.0,139.7316232,35.5457031
442,東京都大田区羽田旭町,502.0,360.0,139.7495806,35.5538173
443,東京都大田区羽田,14959.0,8699.0,139.7466458,35.5479444
444,東京都大田区羽田空港,,,139.78058713123818,35.54572095
445,東京都大田区西六郷,22202.0,10129.0,139.7034037,35.5414806
446,東京都大田区仲六郷,17504.0,9634.0,,
447,東京都大田区南蒲田,11966.0,7423.0,139.7256392,35.5586703
448,東京都大田区東六郷,11121.0,5720.0,139.7203928,35.5525407
449,東京都大田区南六郷,17361.0,8613.0,139.71395657820324,35.54374685
450,東京都大田区下丸子,23711.0,11755.0,139.6855952,35.5713856
451,東京都大田区矢口,15900.0,8505.0,139.7002588,35.5625766
452,東京都大田区東矢口,12540.0,7124.0,,
453,東京都大田区多摩川,13593.0,7034.0,139.6687943,35.5896908
454,東京都大田区新蒲田,9651.0,5131.0,139.7147258,35.5617519
455,東京都大田区西蒲田,28522.0,17458.0,139.7147258,35.5617519
456,東京都大田区蒲田,24205.0,15508.0,139.7189189,35.5618058
457,東京都大田区蒲田本町,6156.0,3532.0,139.7171037,35.5563394
458,東京都大田区東蒲田,5732.0,3622.0,139.7189189,35.5618058
459,東京都大田区東海,,,139.7543482,35.5806785
460,東京都大田区城南島,,,139.7817069294486,35.58442075
461,東京都大田区京浜島,,,139.76379529290696,35.56995515
462,東京都大田区羽田沖水面及び中央防波堤外側付近,,,,
463,東京都大田区多摩川河川敷,63.0,63.0,,
464,東京都大田区ふるさとの浜辺公園,,,,
465,東京都大田区令和島,,,,
466,東京都大田区令和島,,,,
467,東京都世田谷区池尻,17021.0,9740.0,139.6811468,35.6487788
468,東京都世田谷区三宿,8766.0,5240.0,139.6779615,35.6473276
469,東京都世田谷区太子堂,19527.0,12039.0,139.671095,35.6475328
470,東京都世田谷区三軒茶屋,13966.0,8462.0,139.6699123,35.6427208
471,東京都世田谷区若林,20116.0,11593.0,139.6598567,35.6459516
472,東京都世田谷区世田谷,16856.0,9629.0,139.6508094,35.6435069
473,東京都世田谷区桜,12716.0,5986.0,139.6322281,35.6072884
474,東京都世田谷区弦巻,25460.0,12176.0,139.64300081003142,35.63804585
475,東京都世田谷区経堂,20365.0,11511.0,139.6366816,35.65135
476,東京都世田谷区宮坂,12269.0,7235.0,139.63227910526774,35.64183535
477,東京都世田谷区桜丘,20471.0,10083.0,139.6247828,35.6430072
478,東京都世田谷区下馬,28179.0,15261.0,,
479,東京都世田谷区野沢,15892.0,8259.0,139.6608004768886,35.6248366
480,東京都世田谷区上馬,21599.0,13002.0,139.6655134,35.6349342
481,東京都世田谷区駒沢,17427.0,9488.0,139.6565772,35.6309734
482,東京都世田谷区代田,23833.0,14175.0,139.6608411,35.6559645
483,東京都世田谷区梅丘,9095.0,5051.0,139.6542752,35.6562022
484,東京都世田谷区豪徳寺,6642.0,3766.0,139.6468966,35.6535438
485,東京都世田谷区代沢,17180.0,9638.0,139.6705979,35.6566718
486,東京都世田谷区羽根木,7201.0,4283.0,139.6611591,35.6677824
487,東京都世田谷区大原,8384.0,5567.0,139.6607251,35.6724351
488,東京都世田谷区北沢,19187.0,11935.0,139.668154,35.6634677
489,東京都世田谷区松原,30548.0,18070.0,139.641968,35.6601167
490,東京都世田谷区赤堤,20743.0,11321.0,139.6379227,35.656868
491,東京都世田谷区桜上水,14437.0,7476.0,139.6320107,35.6675627
492,東京都世田谷区東玉川,8581.0,4192.0,139.6731373,35.5994659
493,東京都世田谷区奥沢,29718.0,16064.0,139.6727375,35.6040262
494,東京都世田谷区玉川田園調布,2371.0,1138.0,139.6647045,35.6014873
495,東京都世田谷区玉堤,5983.0,2773.0,139.6503572,35.596223
496,東京都世田谷区等々力,28081.0,13741.0,139.6480235,35.608362
497,東京都世田谷区尾山台,6663.0,3360.0,139.6537506,35.6070357
498,東京都世田谷区上野毛,12879.0,6424.0,139.638886,35.6119862
499,東京都世田谷区野毛,6217.0,2870.0,139.6379312,35.6131356
500,東京都世田谷区中町,14846.0,6666.0,139.64965526767662,35.62201035
501,東京都世田谷区上用賀,15306.0,6882.0,139.6341544,35.6266472
502,東京都世田谷区用賀,15809.0,8320.0,139.6341544,35.6266472
503,東京都世田谷区玉川,12689.0,6428.0,139.6387115,35.6052759
504,東京都世田谷区瀬田,15632.0,7077.0,139.6313576,35.6211026
505,東京都世田谷区玉川台,6444.0,3496.0,,
506,東京都世田谷区駒沢公園,1.0,1.0,139.6617758,35.625018
507,東京都世田谷区新町,8657.0,4484.0,,
508,東京都世田谷区桜新町,7777.0,4063.0,139.6453688,35.6317241
509,東京都世田谷区深沢,24900.0,10864.0,139.66005,35.6187123
510,東京都世田谷区成城,23331.0,10283.0,139.6010546520302,35.6419205
511,東京都世田谷区祖師谷,20287.0,10224.0,,
512,東京都世田谷区千歳台,19424.0,8469.0,139.6147075,35.6593162
513,東京都世田谷区船橋,27713.0,13530.0,139.6207921,35.6485548
514,東京都世田谷区喜多見,19721.0,9408.0,139.5871981,35.6366224
515,東京都世田谷区宇奈根,5932.0,2409.0,139.6065221,35.6219112
516,東京都世田谷区鎌田,8238.0,3617.0,139.6108504,35.6214148
517,東京都世田谷区岡本,8565.0,3579.0,139.6186727,35.6218261
518,東京都世田谷区大蔵,7678.0,3616.0,139.6097735,35.6432912
519,東京都世田谷区砧,27084.0,13019.0,139.62015594035825,35.630497899999995
520,東京都世田谷区砧公園,,,139.62015594035825,35.630497899999995
521,東京都世田谷区上北沢,17795.0,9617.0,139.6232912,35.6688535
522,東京都世田谷区八幡山,8743.0,4319.0,139.6157094,35.6698828
523,東京都世田谷区上祖師谷,19761.0,9176.0,,
524,東京都世田谷区粕谷,13359.0,6267.0,139.608873,35.666922
525,東京都世田谷区給田,13401.0,6665.0,139.5926947,35.6681242
526,東京都世田谷区南烏山,24321.0,14523.0,139.6007466,35.6689793
527,東京都世田谷区北烏山,27877.0,13515.0,139.6017902,35.666845
528,東京都渋谷区恵比寿,16962.0,11053.0,139.7102101,35.6464378
529,東京都渋谷区広尾,16035.0,8760.0,139.7175844,35.6522569
530,東京都渋谷区東,9123.0,6004.0,139.6978090272034,35.654976149999996
531,東京都渋谷区恵比寿南,5088.0,3237.0,139.70793856118337,35.64466865
532,東京都渋谷区恵比寿西,4613.0,2946.0,,
533,東京都渋谷区代官山町,2307.0,1378.0,139.7046751,35.6507318
534,東京都渋谷区猿楽町,1921.0,1108.0,139.7011319,35.6501019
535,東京都渋谷区鉢山町,1264.0,627.0,139.6984228,35.6514728
536,東京都渋谷区鴬谷町,1943.0,1021.0,139.7017702,35.6527467
537,東京都渋谷区渋谷,4526.0,2942.0,139.6994374,35.6587719
538,東京都渋谷区桜丘町,1916.0,1366.0,139.7009039,35.6556312
539,東京都渋谷区南平台町,2030.0,1122.0,139.6961617,35.6538092
540,東京都渋谷区道玄坂,485.0,424.0,139.6960538,35.6573663
541,東京都渋谷区円山町,2416.0,2001.0,139.6950285,35.6576798
542,東京都渋谷区神泉町,2263.0,1517.0,139.6925133,35.6563738
543,東京都渋谷区松涛,3355.0,1712.0,139.6920068,35.6607632
544,東京都渋谷区神山町,3024.0,1951.0,139.6914062,35.6638493
545,東京都渋谷区宇田川町,813.0,590.0,139.6974957,35.6620752
546,東京都渋谷区神南,671.0,442.0,139.6978090272034,35.654976149999996
547,東京都渋谷区代々木神園町,135.0,63.0,139.6983075,35.674411
548,東京都渋谷区上原,11158.0,6312.0,139.6806824,35.6669782
549,東京都渋谷区富ケ谷,9963.0,6125.0,139.6880687,35.6659001
550,東京都渋谷区西原,11663.0,6625.0,139.68453360080068,35.664554550000005
551,東京都渋谷区元代々木町,3895.0,2372.0,139.6858165,35.6718115
552,東京都渋谷区大山町,3512.0,1866.0,139.6756865,35.6691581
553,東京都渋谷区初台,9036.0,5265.0,139.6867391,35.6815487
554,東京都渋谷区本町,28969.0,18599.0,139.6806558,35.6841449
555,東京都渋谷区笹塚,17716.0,11880.0,139.6671205,35.6736448
556,東京都渋谷区幡ケ谷,17522.0,10782.0,139.6768293,35.6772317
557,東京都渋谷区代々木,25631.0,15455.0,139.7020805,35.6839519
558,東京都渋谷区千駄ケ谷,11253.0,7117.0,139.7113311,35.6812658
559,東京都渋谷区神宮前,12675.0,7305.0,139.7053918,35.6685446
560,東京都中野区南台,21500.0,12610.0,139.667254,35.683521
561,東京都中野区弥生町,24073.0,14899.0,139.6755198,35.6908488
562,東京都中野区本町,30885.0,20160.0,139.6768501,35.6961466
563,東京都中野区中央,30982.0,20033.0,139.6799424,35.6994511
564,東京都中野区東中野,24802.0,15672.0,139.6832315,35.7073477
565,東京都中野区中野,28176.0,17186.0,139.665633,35.7058302
566,東京都中野区上高田,21325.0,13351.0,139.6747493,35.712836
567,東京都中野区新井,18854.0,11731.0,139.6670016,35.7136788
568,東京都中野区沼袋,14001.0,8778.0,139.6646063,35.7192687
569,東京都中野区松が丘,6565.0,3948.0,139.6726656,35.7198821
570,東京都中野区江原町,9323.0,5239.0,,
571,東京都中野区江古田,14617.0,7468.0,139.6679693,35.7256208
572,東京都中野区丸山,4997.0,2792.0,139.6348964,35.7145127
573,東京都中野区野方,22017.0,13473.0,139.6531263,35.7196957
574,東京都中野区大和町,15954.0,9749.0,139.6524159,35.7105805
575,東京都中野区若宮,12997.0,7858.0,139.6463827,35.7195355
576,東京都中野区白鷺,12174.0,6327.0,,
577,東京都中野区鷺宮,17400.0,10061.0,139.639543,35.7226521
578,東京都中野区上鷺宮,14238.0,6758.0,139.6317433,35.731639
579,東京都杉並区方南,13641.0,8414.0,139.6576888,35.6835007
580,東京都杉並区和泉,29657.0,17440.0,139.6566523,35.6728468
581,東京都杉並区下高井戸,20917.0,12538.0,,
582,東京都杉並区永福,16406.0,9202.0,139.641321,35.6769648
583,東京都杉並区浜田山,17317.0,9103.0,139.6274677,35.6816467
584,東京都杉並区和田,20437.0,11987.0,139.6576038,35.6935241
585,東京都杉並区堀ノ内,20143.0,11612.0,139.6543365,35.6924284
586,東京都杉並区松ノ木,7616.0,4288.0,139.6438427,35.6951775
587,東京都杉並区大宮,3717.0,2134.0,139.6460631,35.6836579
588,東京都杉並区梅里,8679.0,5712.0,139.6457468,35.6969116
589,東京都杉並区高円寺南,33374.0,22681.0,,
590,東京都杉並区高円寺北,17137.0,11580.0,139.6548546,35.7073164
591,東京都杉並区阿佐谷南,19892.0,12887.0,139.6373057,35.7020498
592,東京都杉並区阿佐谷北,25526.0,15348.0,139.636261,35.7105571
593,東京都杉並区天沼,16048.0,10020.0,139.6227287,35.7062732
594,東京都杉並区本天沼,11823.0,6260.0,139.6269393,35.7140153
595,東京都杉並区成田西,8911.0,4064.0,,
596,東京都杉並区成田東,23671.0,12701.0,139.6401954,35.6936017
597,東京都杉並区荻窪,26181.0,14607.0,139.6201587,35.7044803
598,東京都杉並区南荻窪,14473.0,7587.0,139.6201587,35.7044803
599,東京都杉並区上荻,13892.0,8334.0,139.6168689,35.702629
600,東京都杉並区西荻南,12071.0,7363.0,139.5999563,35.7025321
601,東京都杉並区西荻北,18411.0,11106.0,139.6070695,35.7062206
602,東京都杉並区今川,9661.0,4501.0,139.6071456,35.7166039
603,東京都杉並区清水,8940.0,4643.0,139.6169502,35.7126525
604,東京都杉並区桃井,12077.0,6256.0,139.6151731,35.724688
605,東京都杉並区井草,17284.0,9262.0,139.6089949,35.7268745
606,東京都杉並区下井草,18687.0,10212.0,139.6253354,35.7238306
607,東京都杉並区上井草,15986.0,7771.0,139.6030669,35.7252616
608,東京都杉並区善福寺,12331.0,5906.0,139.590818,35.7143948
609,東京都杉並区松庵,10939.0,6039.0,139.5947802,35.6977161
610,東京都杉並区宮前,19493.0,9661.0,139.6381458503099,35.6827463
611,東京都杉並区久我山,20733.0,11443.0,139.5996129,35.6879766
612,東京都杉並区高井戸東,20487.0,10478.0,,
613,東京都杉並区高井戸西,11999.0,5747.0,,
614,東京都杉並区上高井戸,12551.0,7452.0,139.6173026,35.6882391
615,東京都豊島区駒込,18359.0,10115.0,139.7472412,35.7365848
616,東京都豊島区巣鴨,19794.0,11760.0,139.7394273,35.7334119
617,東京都豊島区西巣鴨,13510.0,7694.0,139.7286973,35.7435537
618,東京都豊島区北大塚,12916.0,8415.0,139.7283438,35.7317401
619,東京都豊島区南大塚,17264.0,11102.0,139.7283438,35.7317401
620,東京都豊島区上池袋,18333.0,11316.0,139.7223591,35.7386401
621,東京都豊島区東池袋,20683.0,13592.0,139.7193857,35.7256214
622,東京都豊島区南池袋,9261.0,5759.0,139.715134,35.7253435
623,東京都豊島区西池袋,17575.0,11356.0,139.6984842,35.7311776
624,東京都豊島区池袋,20162.0,13883.0,139.7089164,35.7310839
625,東京都豊島区池袋本町,18458.0,10769.0,,
626,東京都豊島区雑司が谷,9674.0,5776.0,139.7147782,35.7202465
627,東京都豊島区高田,12372.0,7034.0,,
628,東京都豊島区目白,15190.0,8591.0,139.7064823,35.7211861
629,東京都豊島区南長崎,21825.0,13300.0,,
630,東京都豊島区長崎,19431.0,11707.0,,
631,東京都豊島区千早,13098.0,7667.0,,
632,東京都豊島区要町,10186.0,6246.0,139.6986842,35.7332405
633,東京都豊島区高松,8632.0,5017.0,139.704512,35.7387379
634,東京都豊島区千川,4876.0,2720.0,139.689366,35.7383242
635,東京都北区王子,23860.0,12316.0,139.7382749,35.7523466
636,東京都北区豊島,31257.0,15993.0,,
637,東京都北区堀船,10728.0,5657.0,139.7437027,35.7544118
638,東京都北区東十条,14692.0,8636.0,139.7268749,35.7638484
639,東京都北区王子本町,5533.0,3214.0,,
640,東京都北区岸町,2538.0,1550.0,139.7761378,35.7065762
641,東京都北区中十条,8308.0,4962.0,139.7223074,35.7600083
642,東京都北区十条台,1479.0,409.0,135.70820607139706,35.016464150000004
643,東京都北区十条仲原,5962.0,3265.0,135.7551699,35.0108757
644,東京都北区上十条,12701.0,7469.0,139.7223074,35.7600083
645,東京都北区神谷,16382.0,8763.0,,
646,東京都北区赤羽,10959.0,6297.0,139.7207999,35.7781394
647,東京都北区西が丘,8673.0,4169.0,139.7126507,35.7712028
648,東京都北区赤羽西,17185.0,9278.0,135.7608735,34.9859342
649,東京都北区志茂,20922.0,11187.0,139.7325256,35.7779045
650,東京都北区岩淵町,4827.0,2714.0,139.723336,35.7855026
651,東京都北区赤羽台,9678.0,4906.0,135.70820607139706,35.016464150000004
652,東京都北区赤羽南,4775.0,2661.0,139.7238979,35.7735788
653,東京都北区赤羽北,15409.0,7343.0,139.7060288,35.7867812
654,東京都北区浮間,23901.0,11084.0,139.7004698,35.7905901
655,東京都北区桐ヶ丘,5027.0,2720.0,139.7075109,35.7772158
656,東京都北区滝野川,35186.0,18952.0,135.75262650460542,35.00534985
657,東京都北区西ヶ原,18280.0,9474.0,139.7421722,35.7460496
658,東京都北区栄町,2633.0,1492.0,139.7422541,35.7509144
659,東京都北区上中里,6654.0,3565.0,139.7469796,35.746579
660,東京都北区中里,7155.0,4083.0,,
661,東京都北区昭和町,3503.0,1942.0,130.8700844,33.8729043
662,東京都北区田端新町,8635.0,5060.0,139.76569,35.738871
663,東京都北区東田端,3559.0,2070.0,139.7617151,35.7373701
664,東京都北区田端,14812.0,8469.0,139.7617151,35.7373701
665,東京都荒川区南千住,46781.0,21521.0,139.7988176,35.7328539
666,東京都荒川区荒川,32460.0,17014.0,139.7809940450124,35.738212250000004
667,東京都荒川区町屋,29840.0,14973.0,139.7800901,35.7421779
668,東京都荒川区東尾久,28135.0,14565.0,139.7706020491151,35.7458132
669,東京都荒川区西尾久,26198.0,13123.0,139.76049167026957,35.74901615
670,東京都荒川区東日暮里,29748.0,16965.0,139.78125280527667,35.729096549999994
671,東京都荒川区西日暮里,24313.0,13848.0,139.7672299,35.7325652
672,東京都板橋区板橋,25041.0,15835.0,139.7088836,35.7573872
673,東京都板橋区加賀,10784.0,4318.0,139.72092526114733,35.7557455
674,東京都板橋区大山東町,5821.0,3661.0,139.705155,35.749059
675,東京都板橋区大山金井町,5448.0,3418.0,139.705103,35.7461932
676,東京都板橋区熊野町,4643.0,2792.0,139.7067121,35.7428442
677,東京都板橋区中丸町,6151.0,3462.0,139.70406,35.741459
678,東京都板橋区南町,4790.0,2917.0,139.7019146,35.7398643
679,東京都板橋区稲荷台,2890.0,1446.0,139.712166,35.761048
680,東京都板橋区仲宿,7848.0,4494.0,139.7098504,35.7553466
681,東京都板橋区氷川町,4776.0,2810.0,139.7064835,35.7539866
682,東京都板橋区栄町,4075.0,2319.0,139.702148,35.753072
683,東京都板橋区大山町,4571.0,2742.0,139.6997333,35.7485391
684,東京都板橋区大山西町,4806.0,2743.0,139.695736,35.746647
685,東京都板橋区幸町,5599.0,3032.0,139.697121,35.7445889
686,東京都板橋区中板橋,4124.0,2512.0,139.6941729,35.7564057
687,東京都板橋区仲町,4605.0,2433.0,139.6975348,35.7530064
688,東京都板橋区弥生町,5630.0,3307.0,139.6928227,35.7535975
689,東京都板橋区本町,6555.0,3811.0,139.708538,35.7598345
690,東京都板橋区大和町,5295.0,3307.0,139.70469,35.758799
691,東京都板橋区双葉町,5387.0,3158.0,139.698913,35.757975
692,東京都板橋区富士見町,4502.0,2608.0,139.6986944,35.7608452
693,東京都板橋区大谷口上町,4273.0,2399.0,139.691976,35.749053
694,東京都板橋区大谷口北町,6169.0,3269.0,139.6889781,35.7508628
695,東京都板橋区大谷口,6053.0,3340.0,139.68715518796728,35.74309465
696,東京都板橋区向原,9055.0,4939.0,139.68954804968286,35.741737799999996
697,東京都板橋区小茂根,16480.0,8777.0,139.6784113,35.7482378
698,東京都板橋区常盤台,12863.0,7033.0,139.6855991,35.761537
699,東京都板橋区南常盤台,7513.0,4743.0,139.6904243,35.7564958
700,東京都板橋区東新町,9662.0,5071.0,139.6815793,35.7588982
701,東京都板橋区上板橋,9233.0,5705.0,139.6765427,35.763474
702,東京都板橋区清水町,6844.0,3951.0,139.7068162,35.7648164
703,東京都板橋区蓮沼町,5474.0,3341.0,139.7032367,35.7706619
704,東京都板橋区大原町,4670.0,2415.0,139.6983449,35.7689399
705,東京都板橋区泉町,3523.0,2080.0,139.7007048,35.7669048
706,東京都板橋区宮本町,5828.0,3385.0,139.7005799,35.7639879
707,東京都板橋区志村,13131.0,7119.0,139.6908861,35.7752578
708,東京都板橋区坂下,19884.0,10074.0,139.6849645,35.7849189
709,東京都板橋区東坂下,4286.0,2030.0,139.6891321,35.7843119
710,東京都板橋区小豆沢,16246.0,8275.0,139.697781,35.7779319
711,東京都板橋区西台,13058.0,5998.0,139.6740221,35.7869663
712,東京都板橋区中台,16044.0,8114.0,139.6799156,35.7703802
713,東京都板橋区若木,10532.0,5240.0,139.6730933,35.7696134
714,東京都板橋区蓮根,18907.0,9284.0,139.6790713,35.7843239
715,東京都板橋区相生町,4621.0,2104.0,139.6797394,35.7771571
716,東京都板橋区前野町,30958.0,14713.0,139.6902076,35.7687915
717,東京都板橋区赤塚,31889.0,17468.0,139.6434642,35.7788033
718,東京都板橋区赤塚新町,10077.0,5353.0,139.6398705,35.7712588
719,東京都板橋区四葉,4942.0,2136.0,139.6520556,35.7799122
720,東京都板橋区大門,1362.0,438.0,139.6481588,35.7836937
721,東京都板橋区三園,7227.0,3339.0,139.6407924,35.7918914
722,東京都板橋区成増,29740.0,16001.0,139.632934,35.7775924
723,東京都板橋区徳丸,35747.0,17676.0,139.6598681,35.775789
724,東京都板橋区東山町,3947.0,2164.0,139.687013,35.75433
725,東京都板橋区桜川,4884.0,2574.0,139.6744828,35.7611003
726,東京都板橋区高島平,51223.0,29611.0,139.6589375,35.7883692
727,東京都板橋区新河岸,5216.0,2668.0,139.6581151,35.7946237
728,東京都板橋区舟渡,9581.0,4494.0,139.6837601,35.7941546
729,東京都練馬区旭丘,7841.0,5191.0,139.6765561,35.7350726
730,東京都練馬区小竹町,10064.0,5990.0,,
731,東京都練馬区栄町,4209.0,2675.0,139.7422541,35.7509144
732,東京都練馬区羽沢,6848.0,3952.0,139.6691715,35.7413768
733,東京都練馬区豊玉上,7030.0,4721.0,139.73186971561245,35.73632245
734,東京都練馬区豊玉中,11149.0,6237.0,139.6580374526988,35.72883745
735,東京都練馬区豊玉南,8763.0,4262.0,139.7193857,35.7256214
736,東京都練馬区豊玉北,20940.0,13391.0,139.6640262,35.7361152
737,東京都練馬区中村,10320.0,5072.0,139.7326480917515,35.6887854
738,東京都練馬区中村南,11440.0,5644.0,139.6441963,35.7280632
739,東京都練馬区中村北,12085.0,7085.0,139.64244733598315,35.73573785
740,東京都練馬区桜台,26499.0,14576.0,139.6623844,35.7387537
741,東京都練馬区練馬,15163.0,9414.0,139.6544918,35.7373437
742,東京都練馬区向山,11270.0,5662.0,139.6374438,35.7383295
743,東京都練馬区貫井,20796.0,11574.0,139.631798,35.7410824
744,東京都練馬区錦,6337.0,3077.0,139.6494602,35.7045973
745,東京都練馬区氷川台,14114.0,7375.0,139.6650083,35.7497818
746,東京都練馬区平和台,14405.0,6798.0,139.6541369,35.7576885
747,東京都練馬区早宮,19603.0,9481.0,139.652598,35.748396
748,東京都練馬区春日町,26047.0,12740.0,139.6508714,35.6686794
749,東京都練馬区高松,18334.0,7935.0,139.6298966,35.7504853
750,東京都練馬区北町,27317.0,14575.0,139.7351047,35.6998889
751,東京都練馬区田柄,29720.0,13544.0,139.71965369684952,35.697164099999995
752,東京都練馬区光が丘,26561.0,11933.0,139.6293801,35.7585523
753,東京都練馬区旭町,13149.0,6712.0,139.6250974,35.7698455
754,東京都練馬区土支田,13869.0,5646.0,139.6197804,35.7666891
755,東京都練馬区富士見台,15746.0,7717.0,139.6300042,35.7359523
756,東京都練馬区南田中,12462.0,6254.0,139.6218331,35.7318851
757,東京都練馬区高野台,15700.0,7381.0,139.6163048,35.7409213
758,東京都練馬区谷原,13193.0,5499.0,139.6184703,35.7491486
759,東京都練馬区三原台,9332.0,4082.0,139.6541369,35.7576885
760,東京都練馬区石神井町,28284.0,14897.0,,
761,東京都練馬区石神井台,31187.0,14183.0,,
762,東京都練馬区上石神井,18871.0,10539.0,139.5925257,35.7261749
763,東京都練馬区上石神井南町,2166.0,1061.0,139.5949643,35.7233304
764,東京都練馬区下石神井,18425.0,8649.0,139.7416507,35.7000213
765,東京都練馬区立野町,5341.0,2429.0,139.5809489,35.7161614
766,東京都練馬区関町東,5589.0,3068.0,139.6978090272034,35.654976149999996
767,東京都練馬区関町北,22743.0,11923.0,139.57283241660096,35.732474100000005
768,東京都練馬区関町南,19127.0,9294.0,,
769,東京都練馬区東大泉,35704.0,17840.0,139.6802877,35.6679617
770,東京都練馬区西大泉町,32.0,12.0,139.56699,35.763411
771,東京都練馬区西大泉,21950.0,9243.0,,
772,東京都練馬区南大泉,26805.0,11971.0,139.5740124,35.7463719
773,東京都練馬区大泉町,21920.0,9196.0,139.7055511,35.761435
774,東京都練馬区大泉学園町,34158.0,14342.0,,
775,東京都足立区青井,17629.0,8788.0,139.8203104,35.7717439
776,東京都足立区足立,13377.0,7432.0,139.8085589077795,35.76111095
777,東京都足立区綾瀬,26463.0,15185.0,139.8248669,35.7621283
778,東京都足立区伊興,12543.0,5999.0,139.8031853,35.7503676
779,東京都足立区入谷町，舎人町,,,139.7705448,35.8090563
780,東京都足立区入谷,8933.0,3853.0,,
781,東京都足立区梅田,25288.0,12540.0,139.79779343366238,35.76700195
782,東京都足立区梅島,12474.0,6894.0,139.79984275871857,35.773442
783,東京都足立区扇,15842.0,7612.0,139.77260285663698,35.76629135
784,東京都足立区大谷田,16667.0,8409.0,139.8467115,35.7767677
785,東京都足立区興野,6147.0,2754.0,139.77900708022042,35.76879435
786,東京都足立区小台,6896.0,3126.0,139.7703819,35.7546937
787,東京都足立区加賀,4081.0,1781.0,139.758674,35.7908673
788,東京都足立区加平,6837.0,3689.0,139.8227119,35.7710226
789,東京都足立区北加平町,2317.0,1183.0,139.8284697,35.784364
790,東京都足立区栗原,12656.0,6472.0,139.78764817005595,35.7829833
791,東京都足立区江北,19276.0,9927.0,139.7648511834314,35.773411
792,東京都足立区古千谷,,,139.7766173,35.8066831
793,東京都足立区弘道,7168.0,4041.0,139.81577442754127,35.7685458
794,東京都足立区佐野,5831.0,2600.0,,
795,東京都足立区皿沼,3908.0,1825.0,139.762847,35.793395
796,東京都足立区鹿浜,17750.0,8040.0,139.7509392,35.7785872
797,東京都足立区島根,12589.0,6260.0,139.79728592061247,35.7819102
798,東京都足立区神明南,3500.0,1523.0,139.8292208,35.7882805
799,東京都足立区神明,4931.0,2120.0,139.8365807,35.7984624
800,東京都足立区新田,16548.0,7111.0,139.7413115859291,35.77041305
801,東京都足立区千住曙町,4386.0,1986.0,139.8142004,35.7428376
802,東京都足立区千住旭町,3505.0,2106.0,139.8083424,35.7495251
803,東京都足立区千住東,5941.0,3005.0,139.80215698929388,35.74722905
804,東京都足立区千住大川町,3565.0,1877.0,139.7971737,35.7566038
805,東京都足立区千住河原町,3990.0,2360.0,139.7993946,35.7429334
806,東京都足立区関原,11208.0,5616.0,139.78897349365602,35.76635055
807,東京都足立区千住寿町,3249.0,1890.0,139.798826,35.7521633
808,東京都足立区千住桜木,4756.0,2216.0,139.7896671,35.7555489
809,東京都足立区千住関屋町,3905.0,1679.0,139.8072481,35.7420713
810,東京都足立区千住龍田町,1934.0,1097.0,139.7952747,35.7514319
811,東京都足立区千住橋戸町,3877.0,1738.0,139.7970772,35.7410437
812,東京都足立区千住宮元町,2178.0,1348.0,139.7955537,35.7468083
813,東京都足立区千住緑町,5682.0,2814.0,,
814,東京都足立区千住元町,3762.0,1838.0,139.7923001,35.7547144
815,東京都足立区千住柳町,1759.0,985.0,139.796133,35.754549
816,東京都足立区千住中居町,2987.0,1744.0,139.7976029,35.7489852
817,東京都足立区千住仲町,4343.0,2726.0,139.8000276,35.7455283
818,東京都足立区千住,9965.0,5737.0,139.8045026,35.7496649
819,東京都足立区竹の塚,19193.0,10683.0,139.7908431,35.7944805
820,東京都足立区辰沼,4110.0,1983.0,139.8348856,35.7858871
821,東京都足立区中央本町,14533.0,7077.0,139.80708161804208,35.7725238
822,東京都足立区椿,2004.0,830.0,139.75931990225303,35.779143950000005
823,東京都足立区東和,20505.0,10167.0,139.80215698929388,35.74722905
824,東京都足立区舎人,15642.0,7264.0,139.7701164,35.8056634
825,東京都足立区中川,13442.0,6917.0,139.8495696,35.7797627
826,東京都足立区西綾瀬,9005.0,4838.0,139.8165787,35.7624847
827,東京都足立区西伊興町,,,139.7725618,35.793476
828,東京都足立区西新井本町,14657.0,7382.0,139.7794361152188,35.77410435
829,東京都足立区西加平,1170.0,589.0,139.8210070082826,35.77918195
830,東京都足立区西伊興,8866.0,3796.0,139.78922155292292,35.800888549999996
831,東京都足立区西新井栄町,10109.0,5041.0,139.7879780505055,35.77513045
832,東京都足立区西新井,22381.0,10809.0,139.790321,35.777253
833,東京都足立区西竹の塚,3060.0,1722.0,139.7908431,35.7944805
834,東京都足立区西保木間,10585.0,5348.0,139.8023471,35.7947597
835,東京都足立区花畑,18294.0,8591.0,139.8074305,35.804423
836,東京都足立区東綾瀬,10585.0,5376.0,139.8248669,35.7621283
837,東京都足立区東伊興,7015.0,3288.0,139.8031853,35.7503676
838,東京都足立区一ツ家,7221.0,3300.0,139.8137144805512,35.7817608
839,東京都足立区日ノ出町,4116.0,2415.0,139.8097372,35.7519282
840,東京都足立区東保木間,6061.0,2872.0,139.8100871,35.7949355
841,東京都足立区平野,4998.0,2210.0,139.80593117826163,35.7824602
842,東京都足立区東六月町,2058.0,837.0,139.8074664,35.7879459
843,東京都足立区保木間,16025.0,7034.0,139.8023471,35.7947597
844,東京都足立区保塚町,3412.0,1619.0,139.8134708,35.7864615
845,東京都足立区堀之内,1319.0,658.0,139.75498797225248,35.7741271
846,東京都足立区南花畑,15948.0,7600.0,139.8171803,35.7953862
847,東京都足立区宮城,4184.0,2060.0,139.7559037,35.7620373
848,東京都足立区六木,9107.0,3954.0,,
849,東京都足立区本木北町,1393.0,575.0,139.7784197,35.7649529
850,東京都足立区本木,3825.0,1766.0,139.7856021,35.762422
851,東京都足立区本木西町,1027.0,507.0,139.7797501,35.7611397
852,東京都足立区本木東町,1509.0,747.0,139.7823357,35.7659105
853,東京都足立区本木南町,1613.0,827.0,139.7825583,35.7620735
854,東京都足立区谷中,11014.0,5973.0,139.8283744,35.777846
855,東京都足立区谷在家,6084.0,3052.0,139.7689150072486,35.786641
856,東京都足立区柳原,5244.0,2959.0,139.80215698929388,35.74722905
857,東京都足立区六月,7682.0,3587.0,139.79540317176037,35.7863044
858,東京都足立区六町,4986.0,2673.0,139.8218681,35.7848565
859,東京都足立区古千谷本町,7629.0,3153.0,,
860,東京都足立区伊興本町,2789.0,1341.0,139.7872496,35.7991847
861,東京都足立区舎人公園,,,139.77330868728035,35.79865685
862,東京都葛飾区立石,22433.0,11258.0,139.8783345,35.7712929
863,東京都葛飾区東立石,11068.0,5274.0,,
864,東京都葛飾区四つ木,12798.0,6104.0,139.8348561,35.7317433
865,東京都葛飾区東四つ木,13609.0,6549.0,139.8348561,35.7317433
866,東京都葛飾区宝町,7160.0,3450.0,139.836518,35.741857
867,東京都葛飾区堀切,27681.0,13931.0,139.8274834,35.7476751
868,東京都葛飾区東堀切,8080.0,3712.0,139.8274834,35.7476751
869,東京都葛飾区小菅,14493.0,6643.0,139.8126428,35.7586732
870,東京都葛飾区お花茶屋,6320.0,3166.0,,
871,東京都葛飾区白鳥,11869.0,5434.0,139.8661458,35.7498005
872,東京都葛飾区亀有,26303.0,13172.0,139.8478007,35.7666652
873,東京都葛飾区西亀有,14610.0,6980.0,139.8478007,35.7666652
874,東京都葛飾区青戸,27615.0,13259.0,139.8536007,35.7471759
875,東京都葛飾区新小岩,15022.0,8642.0,139.8580706,35.7169836
876,東京都葛飾区東新小岩,25859.0,12234.0,139.8580706,35.7169836
877,東京都葛飾区西新小岩,16124.0,7857.0,139.8580706,35.7169836
878,東京都葛飾区奥戸,20538.0,9031.0,,
879,東京都葛飾区高砂,19884.0,10314.0,139.8671221,35.7509396
880,東京都葛飾区鎌倉,12860.0,6048.0,139.8801651,35.7470834
881,東京都葛飾区細田,11073.0,4874.0,139.8653235913992,35.7421374
882,東京都葛飾区柴又,22512.0,10522.0,139.8751807,35.7564295
883,東京都葛飾区新宿,15351.0,6814.0,139.863964,35.759725
884,東京都葛飾区金町,17591.0,9212.0,139.8706926,35.7695843
885,東京都葛飾区金町浄水場,,,139.877996,35.762653
886,東京都葛飾区東金町,24166.0,11685.0,139.8706926,35.7695843
887,東京都葛飾区水元,13229.0,5342.0,,
888,東京都葛飾区水元公園,,,139.8694186452554,35.78784455
889,東京都葛飾区東水元,9197.0,3832.0,,
890,東京都葛飾区南水元,13458.0,5841.0,139.8595646,35.780159
891,東京都葛飾区西水元,12190.0,4768.0,139.84720819850043,35.7859841
892,東京都江戸川区小松川,14115.0,6007.0,139.864297,35.6838309
893,東京都江戸川区小松川,1642.0,765.0,139.864297,35.6838309
894,東京都江戸川区平井,40185.0,21035.0,139.8425004,35.706421
895,東京都江戸川区中央,14206.0,6573.0,,
896,東京都江戸川区松島,18140.0,9101.0,,
897,東京都江戸川区松江,21368.0,9382.0,139.870773,35.6963531
898,東京都江戸川区東小松川,11992.0,5544.0,139.8679918,35.7032131
899,東京都江戸川区西小松川町,3158.0,1423.0,139.8620204,35.6984235
900,東京都江戸川区大杉,10953.0,4417.0,139.8737267,35.662654
901,東京都江戸川区西一之江,9679.0,3998.0,139.8782766,35.7028058
902,東京都江戸川区一之江町,827.0,329.0,139.8734063,35.6836213
903,東京都江戸川区一之江,20728.0,9728.0,139.8831198,35.6860437
904,東京都江戸川区二之江町,741.0,304.0,139.873167,35.681814
905,東京都江戸川区春江町,16429.0,7103.0,,
906,東京都江戸川区瑞江,10976.0,5289.0,139.8976392,35.6932479
907,東京都江戸川区東瑞江,8048.0,3941.0,139.8976392,35.6932479
908,東京都江戸川区西瑞江,15077.0,7146.0,,
909,東京都江戸川区江戸川,23941.0,10578.0,139.8958777,35.7377552
910,東京都江戸川区東小岩,18746.0,9232.0,139.881843,35.7332364
911,東京都江戸川区西小岩,19877.0,10856.0,139.881843,35.7332364
912,東京都江戸川区南小岩,29149.0,15028.0,139.881843,35.7332364
913,東京都江戸川区北小岩,29317.0,14531.0,139.881843,35.7332364
914,東京都江戸川区鹿骨町,105.0,43.0,139.883424,35.717256
915,東京都江戸川区鹿骨,15183.0,6687.0,,
916,東京都江戸川区松本,4246.0,1850.0,,
917,東京都江戸川区興宮町,3068.0,1374.0,139.876607,35.722519
918,東京都江戸川区上一色,4384.0,2156.0,139.8705241,35.7241937
919,東京都江戸川区本一色,10990.0,4988.0,139.8678231,35.7193202
920,東京都江戸川区篠崎町,26809.0,12237.0,,
921,東京都江戸川区東篠崎,2730.0,1141.0,139.9038381,35.7060788
922,東京都江戸川区東篠崎町,,,139.916315,35.695168
923,東京都江戸川区南篠崎町,19360.0,8365.0,,
924,東京都江戸川区北篠崎,4331.0,1646.0,,
925,東京都江戸川区上篠崎,9355.0,4389.0,139.9038381,35.7060788
926,東京都江戸川区下篠崎町,2531.0,1211.0,139.9132563,35.6986678
927,東京都江戸川区船堀,27062.0,12672.0,139.864297,35.6838309
928,東京都江戸川区宇喜田町,4247.0,1904.0,139.8631822,35.6762979
929,東京都江戸川区新堀,4533.0,1881.0,,
930,東京都江戸川区東葛西,46896.0,24773.0,139.8726921,35.6636282
931,東京都江戸川区西葛西,47143.0,23447.0,139.8593173,35.6645795
932,東京都江戸川区南葛西,34517.0,15570.0,,
933,東京都江戸川区北葛西,19859.0,8807.0,,
934,東京都江戸川区中葛西,40195.0,22630.0,139.8726921,35.6636282
935,東京都江戸川区堀江町,,,139.8796758,35.6444001
936,東京都江戸川区清新町,14314.0,5891.0,139.8496293,35.6692892
937,東京都江戸川区臨海町,7468.0,3090.0,139.8553609,35.65685
938,東京都江戸川区谷河内,3105.0,1296.0,139.89832519650201,35.703327200000004
939,東京都江戸川区東松本,2941.0,1287.0,139.8817281,35.7176782
940,東京都江戸川区西篠崎,3266.0,1555.0,,